{
  "0.01": 387.0144780854794,
  "0.02": 268.76238608360876,
  "0.03": 227.41801979959087,
  "0.04": 206.0156243506169,
  "0.05": 192.8462210587352,
  "0.06": 183.92650826468181,
  "0.07": 177.51323756747666,
  "0.08": 172.7149382362299,
  "0.09": 169.02456178226151,
  "0.1": 166.13054100451177,
  "0.11": 163.8299165330465,
  "0.12": 161.9843453620108,
  "0.13": 160.49607110450285,
  "0.14": 159.29397080940157,
  "0.15": 158.3250361233731,
  "0.16": 157.54895098948802,
  "0.17": 156.93451746572788,
  "0.18": 156.4572288985737,
  "0.19": 156.0975798849009,
  "0.2": 155.83986339070304,
  "0.21": 155.67129825323678,
  "0.22": 155.58138576826215,
  "0.23": 155.56142824170786,
  "0.24": 155.60416402806405,
  "0.25": 155.70348762518566,
  "0.26": 155.85423271713105,
  "0.27": 156.0520023678049,
  "0.28": 156.29303491874927,
  "0.29": 156.57409719235386,
  "0.3": 156.89239876844414,
  "0.31": 157.2455226627572,
  "0.32": 157.63136887301948,
  "0.33": 158.04810809578976,
  "0.34": 158.49414354003787,
  "0.35000000000000003": 158.96807923038355,
  "0.36": 159.46869354628066,
  "0.37": 159.9949170121303,
  "0.38": 160.54581355995205,
  "0.39": 161.12056464526648,
  "0.4": 161.7184557207628,
  "0.41000000000000003": 162.33886466895768,
  "0.42": 162.9812518711616,
  "0.43": 163.64515165013086,
  "0.44": 164.33016487168072,
  "0.45": 165.03595252862408,
  "0.46": 165.7622301612318,
  "0.47000000000000003": 166.50876299323522,
  "0.48": 167.27536168242094,
  "0.49": 168.06187860151775,
  "0.5": 168.86820457841964,
  "0.51": 169.69426603597958,
  "0.52": 170.54002248087482,
  "0.53": 171.4054642985602,
  "0.54": 172.29061081791724,
  "0.55": 173.19550861438276,
  "0.56": 174.12023002499436,
  "0.5700000000000001": 175.0648718525104,
  "0.58": 176.02955423905465,
  "0.59": 177.0144196924227,
  "0.6": 178.01963225057565,
  "0.61": 179.04537677182103,
  "0.62": 180.0918583398882,
  "0.63": 181.15930177465242,
  "0.64": 182.24795124041404,
  "0.65": 183.35806994488135,
  "0.66": 184.48993992289067,
  "0.67": 185.6438618997634,
  "0.68": 186.82015522991824,
  "0.6900000000000001": 188.01915790710856,
  "0.7000000000000001": 189.24122664305077,
  "0.71": 190.48673701199496,
  "0.72": 191.75608365898051,
  "0.73": 193.04968057019897,
  "0.74": 194.3679614041055,
  "0.75": 195.71137988242756,
  "0.76": 197.08041024043544,
  "0.77": 198.47554773625797,
  "0.78": 199.8973092193343,
  "0.79": 201.34623375837396,
  "0.8": 202.82288332947113,
  "0.81": 204.32784356536882,
  "0.8200000000000001": 205.86172456715497,
  "0.8300000000000001": 207.42516177989123,
  "0.84": 209.01881693406776,
  "0.85": 210.6433790550406,
  "0.86": 212.29956554289402,
  "0.87": 213.988123325523,
  "0.88": 215.7098300880558,
  "0.89": 217.46549558208932,
  "0.9": 219.25596301854569,
  "0.91": 221.08211054837156,
  "0.92": 222.94485283573624,
  "0.93": 224.84514272864308,
  "0.9400000000000001": 226.78397303269156,
  "0.9500000000000001": 228.76237839371004,
  "0.96": 230.78143729601246,
  "0.97": 232.8422741832078,
  "0.98": 234.9460617093396,
  "0.99": 237.09402312866266
}