{
  "1": {
    "MSE": 16.26911761181885,
    "# data points": 55723
  },
  "2": {
    "MSE": 16.14621707992739,
    "# data points": 58586
  },
  "3": {
    "MSE": 16.179889726505806,
    "# data points": 59942
  },
  "4": {
    "MSE": 16.392119213123703,
    "# data points": 60818
  },
  "5": {
    "MSE": 16.68423847001206,
    "# data points": 61456
  },
  "6": {
    "MSE": 16.961369500501476,
    "# data points": 61943
  },
  "7": {
    "MSE": 17.222881160148926,
    "# data points": 62320
  },
  "8": {
    "MSE": 17.537631379042434,
    "# data points": 62590
  }
}